Workbook

Sheet СТА за март 2026
A1: Сводный технический Акт выполненных работ и оказанных услуг
A10: № п/п | B10: Номер Локомотива | C10: Фактический пробег локомотива за период * | D10: Пробег всех секций локомотива подлежащий оплате * | E10: Количество часов нахождения локомотива в эксплуатации** | F10: Дата постановки Локомотива в ремонт | G10: Время постановки Локомотива в ремонт | H10: № Акта приемки Локомотива в ремонт | I10: Вид ремонта | J10: Дата выхода Локомотива из ремонта | K10: Время выхода Локомотива из ремонта | L10: № Акта приемки Локомотива из ремонта | M10: Количество часов нахождения Локомотива в ремонте* | P10: Дата постановки в ОЖ. ТО-2, ОЖ. ТО-2 с экипировкой,ож ТР, ож НЕПЛ РЕМ | Q10: Время в ОЖ. | R10: Время в ОЖ. За вычетом 1 часа в ИСПРАВНОМ состоянии
A11: 1 | B11: 1539 | F11: 08-03-26 03:09 | G11: =RIGHT(F11,5) -> 03:09 | H11: №519 | I11: ТО-2 | J11: 08-03-26 04:09 | K11: =RIGHT(J11,5) -> 04:09 | L11: =H11 -> №519 | M11: =(J11-F11)*24 -> 1 | N11: Эксплуатация | O11: =SUMIF(A:A,"*в работоспособном состоянии*",E:E) -> 48108.733 | P11: 07-03-26 23:46 | Q11: =(F11-P11)*24 -> 3.3833333 | R11: =Q11-1 -> 2.3833333
A12: 2 | B12: 1539 | F12: 15-03-26 12:44 | G12: =RIGHT(F12,5) -> 12:44 | H12: №566 | I12: ТО-2 | J12: 15-03-26 13:53 | K12: =RIGHT(J12,5) -> 13:53 | L12: =H12 -> №566 | M12: =(J12-F12)*24 -> 1.15 | N12: Пробег | O12: =SUMIF(A:A,"*ВСЕГО*",D:D) -> 1764236 | P12: 15-03-26 09:41 | Q12: =(F12-P12)*24 -> 3.05 | R12: =Q12-1 -> 2.05
A13: 3 | B13: 1539 | F13: 23-03-26 22:33 | G13: =RIGHT(F13,5) -> 22:33 | H13: №626 | I13: ТО-2 | J13: 23-03-26 23:49 | K13: =RIGHT(J13,5) -> 23:49 | L13: =H13 -> №626 | M13: =(J13-F13)*24 -> 1.2666667 | N13: Обслуживание | O13: =SUMIF(A:A,"*в Обслуживании:*",E:E) -> 689.63333 | P13: 23-03-26 18:44 | Q13: =(F13-P13)*24 -> 3.8166667 | R13: =Q13-1 -> 2.8166667
A14: 4 | B14: 1539 | F14: 31-03-26 04:10 | G14: =RIGHT(F14,5) -> 04:10 | H14: №682 | I14: ТО-2 | J14: 31-03-26 05:27 | K14: =RIGHT(J14,5) -> 05:27 | L14: =H14 -> №682 | M14: =(J14-F14)*24 -> 1.2833333 | N14: НР | P14: 30-03-26 18:54 | Q14: =(F14-P14)*24 -> 9.2666667 | R14: =Q14-1 -> 8.2666667
A15: ИТОГО по лок-ву | C15: =Пробеги!E20 -> 13892 | D15: =C15*2 -> 27784 | E15: =DAY(EOMONTH($S$427,0))*24-M15-R15 -> 723.78333 | M15: =SUM(M11:M14) -> 4.7 | N15: Рекламация | O15: =SUMIF(A:A,"*в Обслуживании гарантийном*",E:E) -> 50.383333 | Q15: =SUM(Q11:Q14) -> 19.516667 | R15: =SUM(R11:R14) -> 15.516667
A16: 1 | B16: 1540 | F16: 02-03-26 09:24 | G16: =RIGHT(F16,5) -> 09:24 | H16: №476 | I16: ТО-2 | J16: 02-03-26 10:29 | K16: =RIGHT(J16,5) -> 10:29 | L16: =H16 -> №476 | M16: =(J16-F16)*24 -> 1.0833333 | N16: Адм.изд. | O16: =SUMIF(A:A,"*в ожидании ТО-2*",E:E)+V52+V51 -> 745.93333 | P16: 02-03-26 05:59 | Q16: =(F16-P16)*24 -> 3.4166667 | R16: =Q16-1 -> 2.4166667
A17: 2 | B17: 1540 | F17: 09-03-26 11:33 | G17: =RIGHT(F17,5) -> 11:33 | H17: №527 | I17: ТО-2 | J17: 09-03-26 13:14 | K17: =RIGHT(J17,5) -> 13:14 | L17: =H17 -> №527 | M17: =(J17-F17)*24 -> 1.6833333 | N17: План КГЭ | O17: =0.95 -> 0.95 | P17: 09-03-26 06:11 | Q17: =(F17-P17)*24 -> 5.3666667 | R17: =Q17-1 -> 4.3666667
A18: 3 | B18: 1540 | F18: 09-03-26 13:15 | G18: =RIGHT(F18,5) -> 13:15 | H18: №220 | I18: НР | J18: 09-03-26 18:40 | K18: =RIGHT(J18,5) -> 18:40 | L18: =H18 -> №220 | M18: =(J18-F18)*24 -> 5.4166667 | N18: Адм.изд. РЖД раб | P18: 09-03-26 13:15 | Q18: =(F18-P18)*24 -> 0 | R18: =Q18 -> 0
A19: 4 | B19: 1540 | F19: 15-03-26 10:17 | G19: =RIGHT(F19,5) -> 10:17 | H19: №33 | I19: ТР-1 | J19: 15-03-26 20:28 | K19: =RIGHT(J19,5) -> 20:28 | L19: =H19 -> №33 | M19: =(J19-F19)*24 -> 10.183333 | N19: НР РЖД | O19: =E300 -> 0 | P19: 13-03-26 05:30 | Q19: 11.8 | R19: =Q19-Q19 -> 0
A20: 5 | B20: 1540 | F20: 25-03-26 03:30 | G20: =RIGHT(F20,5) -> 03:30 | H20: №637 | I20: ТО-2 | J20: 25-03-26 04:47 | K20: =RIGHT(J20,5) -> 04:47 | L20: =H20 -> №637 | M20: =(J20-F20)*24 -> 1.2833333 | N20: Адм.изд. РЖД | O20: =X322 -> 0 | P20: 24-03-26 21:52 | Q20: =(F20-P20)*24 -> 5.6333333 | R20: =Q20-1 -> 4.6333333
A21: ИТОГО по лок-ву | C21: =Пробеги!E22 -> 12849 | D21: =C21*2 -> 25698 | E21: =DAY(EOMONTH($S$427,0))*24-M21-R21 -> 712.93333 | M21: =SUM(M16:M20) -> 19.65 | Q21: =SUM(Q16:Q20) -> 26.216667 | R21: =SUM(R16:R20) -> 11.416667
A22: 1 | B22: 1541 | F22: 07-03-26 07:42 | G22: =RIGHT(F22,5) -> 07:42 | H22: №28 | I22: ТР-1 | J22: 07-03-26 19:30 | K22: =RIGHT(J22,5) -> 19:30 | L22: =H22 -> №28 | M22: =(J22-F22)*24 -> 11.8 | P22: 05-03-26 14:26 | Q22: 11.8 | R22: =Q22-Q22 -> 0
A23: 2 | B23: 1541 | F23: 16-03-26 16:05 | G23: =RIGHT(F23,5) -> 16:05 | H23: №576 | I23: ТО-2 | J23: 16-03-26 17:13 | K23: =RIGHT(J23,5) -> 17:13 | L23: =H23 -> №576 | M23: =(J23-F23)*24 -> 1.1333333 | P23: 14-03-26 09:38 | Q23: =(F23-P23)*24 -> 54.45 | R23: 0
A24: 3 | B24: 1541 | F24: 24-03-26 04:05 | G24: =RIGHT(F24,5) -> 04:05 | H24: №629 | I24: ТО-2 | J24: 24-03-26 05:10 | K24: =RIGHT(J24,5) -> 05:10 | L24: =H24 -> №629 | M24: =(J24-F24)*24 -> 1.0833333 | P24: 24-03-26 00:28 | Q24: =(F24-P24)*24 -> 3.6166667 | R24: =Q24-1 -> 2.6166667
A25: 4 | B25: 1541 | F25: 31-03-26 18:13 | G25: =RIGHT(F25,5) -> 18:13 | H25: №276 | I25: НР | J25: 31-03-26 20:15 | K25: =RIGHT(J25,5) -> 20:15 | L25: =H25 -> №276 | M25: =(J25-F25)*24 -> 2.0333333 | P25: 31-03-26 07:45 | Q25: =(F25-P25)*24 -> 10.466667 | R25: 0
A26: ИТОГО по лок-ву | C26: =Пробеги!E24 -> 11384 | D26: =C26*2 -> 22768 | E26: =DAY(EOMONTH($S$427,0))*24-M26-R26 -> 725.33333 | M26: =SUM(M22:M25) -> 16.05 | Q26: =SUM(Q22:Q25) -> 80.333333 | R26: =SUM(R22:R25) -> 2.6166667
A27: 1 | B27: 1542 | F27: 05-03-26 14:13 | G27: =RIGHT(F27,5) -> 14:13 | H27: №27 | I27: ТР-1 | J27: 06-03-26 21:54 | K27: =RIGHT(J27,5) -> 21:54 | L27: =H27 -> №27 | M27: =(J27-F27)*24 -> 31.683333 | P27: 05-03-26 02:25 | Q27: =(F27-P27)*24 -> 11.8 | R27: =Q27-Q27 -> 0
A28: 2 | B28: 1542 | F28: 13-03-26 12:01 | G28: =RIGHT(F28,5) -> 12:01 | H28: №553 | I28: ТО-2 | J28: 13-03-26 13:14 | K28: =RIGHT(J28,5) -> 13:14 | L28: =H28 -> №553 | M28: =(J28-F28)*24 -> 1.2166667 | P28: 13-03-26 08:31 | Q28: =(F28-P28)*24 -> 3.5 | R28: =Q28-1 -> 2.5
A29: 3 | B29: 1542 | F29: 20-03-26 23:31 | G29: =RIGHT(F29,5) -> 23:31 | H29: №602 | I29: ТО-2 | J29: 21-03-26 00:40 | K29: =RIGHT(J29,5) -> 00:40 | L29: =H29 -> №602 | M29: =(J29-F29)*24 -> 1.15 | P29: 20-03-26 22:16 | Q29: =(F29-P29)*24 -> 1.25 | R29: =Q29-1 -> 0.25
A30: 4 | B30: 1542 | F30: 27-03-26 22:48 | G30: =RIGHT(F30,5) -> 22:48 | H30: №660 | I30: ТО-2 | J30: 27-03-26 23:58 | K30: =RIGHT(J30,5) -> 23:58 | L30: =H30 -> №660 | M30: =(J30-F30)*24 -> 1.1666667 | P30: 27-03-26 16:25 | Q30: =(F30-P30)*24 -> 6.3833333 | R30: =Q30-1 -> 5.3833333
A31: ИТОГО по лок-ву | C31: =Пробеги!E26 -> 13461 | D31: =C31*2 -> 26922 | E31: =DAY(EOMONTH($S$427,0))*24-M31-R31 -> 700.65 | M31: =SUM(M27:M30) -> 35.216667 | Q31: =SUM(Q27:Q30) -> 22.933333 | R31: =SUM(R27:R30) -> 8.1333333
A32: 1 | B32: 1543 | F32: 04-03-26 16:30 | G32: =RIGHT(F32,5) -> 16:30 | H32: №489 | I32: ТО-2 | J32: 04-03-26 17:54 | K32: =RIGHT(J32,5) -> 17:54 | L32: =H32 -> №489 | M32: =(J32-F32)*24 -> 1.4 | P32: 04-03-26 10:09 | Q32: =(F32-P32)*24 -> 6.35 | R32: =Q32-1 -> 5.35
A33: 2 | B33: 1543 | F33: 12-03-26 03:24 | G33: =RIGHT(F33,5) -> 03:24 | H33: №545 | I33: ТО-2 | J33: 12-03-26 04:27 | K33: =RIGHT(J33,5) -> 04:27 | L33: =H33 -> №545 | M33: =(J33-F33)*24 -> 1.05 | P33: 11-03-26 23:36 | Q33: =(F33-P33)*24 -> 3.8 | R33: =Q33-1 -> 2.8
A34: 3 | B34: 1543 | F34: 19-03-26 22:05 | G34: =RIGHT(F34,5) -> 22:05 | H34: №597 | I34: ТО-2 | J34: 19-03-26 23:05 | K34: =RIGHT(J34,5) -> 23:05 | L34: =H34 -> №597 | M34: =(J34-F34)*24 -> 1 | P34: 19-03-26 16:36 | Q34: =(F34-P34)*24 -> 5.4833333 | R34: =Q34-1 -> 4.4833333
A35: 4 | B35: 1543 | F35: 27-03-26 20:13 | G35: =RIGHT(F35,5) -> 20:13 | H35: №658 | I35: ТО-2 | J35: 27-03-26 21:22 | K35: =RIGHT(J35,5) -> 21:22 | L35: =H35 -> №658 | M35: =(J35-F35)*24 -> 1.15 | P35: 27-03-26 13:03 | Q35: =(F35-P35)*24 -> 7.1666667 | R35: =Q35-1 -> 6.1666667
A36: ИТОГО по лок-ву | C36: =Пробеги!E28 -> 13668 | D36: =C36*2 -> 27336 | E36: =DAY(EOMONTH($S$427,0))*24-M36-R36 -> 720.6 | M36: =SUM(M32:M35) -> 4.6 | Q36: =SUM(Q32:Q35) -> 22.8 | R36: =SUM(R32:R35) -> 18.8
A37: 1 | B37: 1544 | F37: 07-03-26 21:01 | G37: =RIGHT(F37,5) -> 21:01 | H37: №517 | I37: ТО-2 | J37: 07-03-26 22:02 | K37: =RIGHT(J37,5) -> 22:02 | L37: =H37 -> №517 | M37: =(J37-F37)*24 -> 1.0166667 | P37: 07-03-26 16:42 | Q37: =(F37-P37)*24 -> 4.3166667 | R37: =Q37-1 -> 3.3166667
A38: 2 | B38: 1544 | F38: 12-03-26 11:46 | G38: =RIGHT(F38,5) -> 11:46 | H38: №7 | I38: ТО-4 | J38: 14-03-26 18:58 | K38: =RIGHT(J38,5) -> 18:58 | L38: =H38 -> №7 | M38: =(J38-F38)*24 -> 55.2 | P38: 09-03-26 06:19 | Q38: 11.8 | R38: =Q38-Q38 -> 0
A39: 3 | B39: 1544 | F39: 23-03-26 03:04 | G39: =RIGHT(F39,5) -> 03:04 | H39: №618 | I39: ТО-2 | J39: 23-03-26 04:14 | K39: =RIGHT(J39,5) -> 04:14 | L39: =H39 -> №618 | M39: =(J39-F39)*24 -> 1.1666667 | P39: 22-03-26 14:04 | Q39: =(F39-P39)*24 -> 13 | R39: =Q39-1 -> 12
A40: ИТОГО по лок-ву | C40: =Пробеги!E30 -> 11468 | D40: =C40*2 -> 22936 | E40: =DAY(EOMONTH($S$427,0))*24-M40-R40 -> 671.3 | M40: =SUM(M37:M39) -> 57.383333 | Q40: =SUM(Q37:Q39) -> 29.116667 | R40: =SUM(R37:R39) -> 15.316667
L42: Страница 1 из 8
A43: 1 | B43: 1545 | F43: 06-03-26 03:02 | G43: =RIGHT(F43,5) -> 03:02 | H43: №208 | I43: НР | J43: 06-03-26 16:28 | K43: =RIGHT(J43,5) -> 16:28 | L43: =H43 -> №208 | M43: =(J43-F43)*24 -> 13.433333 | P43: 05-03-26 19:00 | Q43: =(F43-P43)*24 -> 8.0333333 | R43: =Q43 -> 8.0333333
A44: 2 | B44: 1545 | F44: 11-03-26 18:39 | G44: =RIGHT(F44,5) -> 18:39 | H44: №542 | I44: ТО-2 | J44: 11-03-26 19:52 | K44: =RIGHT(J44,5) -> 19:52 | L44: =H44 -> №542 | M44: =(J44-F44)*24 -> 1.2166667 | P44: 11-03-26 18:23 | Q44: =(F44-P44)*24 -> 0.26666667 | R44: =Q44-Q44 -> 0
A45: 3 | B45: 1545 | F45: 21-03-26 11:06 | G45: =RIGHT(F45,5) -> 11:06 | H45: №605 | I45: ТО-2 | J45: 21-03-26 12:38 | K45: =RIGHT(J45,5) -> 12:38 | L45: =H45 -> №605 | M45: =(J45-F45)*24 -> 1.5333333 | P45: 21-03-26 10:39 | Q45: =(F45-P45)*24 -> 0.45 | R45: =Q45-Q45 -> 0
A46: ИТОГО по лок-ву | C46: =Пробеги!E32 -> 13596 | D46: =C46*2 -> 27192 | E46: =DAY(EOMONTH($S$427,0))*24-M46-R46 -> 719.78333 | M46: =SUM(M43:M45) -> 16.183333 | Q46: =SUM(Q43:Q45) -> 8.75 | R46: =SUM(R43:R45) -> 8.0333333
A47: 1 | B47: 1546 | F47: 02-03-26 22:25 | G47: =RIGHT(F47,5) -> 22:25 | H47: №479 | I47: ТО-2 | J47: 02-03-26 23:50 | K47: =RIGHT(J47,5) -> 23:50 | L47: =H47 -> №479 | M47: =(J47-F47)*24 -> 1.4166667 | P47: 02-03-26 20:52 | Q47: =(F47-P47)*24 -> 1.55 | R47: =Q47-1 -> 0.55
A48: 2 | B48: 1546 | F48: 12-03-26 13:51 | G48: =RIGHT(F48,5) -> 13:51 | H48: №547 | I48: ТО-2 | J48: 12-03-26 14:52 | K48: =RIGHT(J48,5) -> 14:52 | L48: =H48 -> №547 | M48: =(J48-F48)*24 -> 1.0166667 | P48: 12-03-26 13:04 | Q48: =(F48-P48)*24 -> 0.78333333 | R48: =Q48-Q48 -> 0
A49: 3 | B49: 1546 | F49: 22-03-26 03:05 | G49: =RIGHT(F49,5) -> 03:05 | H49: №612 | I49: ТО-2 | J49: 22-03-26 04:10 | K49: =RIGHT(J49,5) -> 04:10 | L49: =H49 -> №612 | M49: =(J49-F49)*24 -> 1.0833333 | P49: 22-03-26 02:27 | Q49: =(F49-P49)*24 -> 0.63333333 | R49: =Q49-Q49 -> 0
A50: ИТОГО по лок-ву | C50: =Пробеги!E34 -> 13538 | D50: =C50*2 -> 27076 | E50: =DAY(EOMONTH($S$427,0))*24-M50-R50 -> 739.93333 | M50: =SUM(M47:M49) -> 3.5166667 | Q50: =SUM(Q47:Q49) -> 2.9666667 | R50: =SUM(R47:R49) -> 0.55
A51: 1 | B51: 1547 | F51: 05-03-26 11:52 | G51: =RIGHT(F51,5) -> 11:52 | H51: №496 | I51: ТО-2 | J51: 05-03-26 13:20 | K51: =RIGHT(J51,5) -> 13:20 | L51: =H51 -> №496 | M51: =(J51-F51)*24 -> 1.4666667 | P51: 05-03-26 07:32 | Q51: =(F51-P51)*24 -> 4.3333333 | R51: =Q51-1 -> 3.3333333
A52: 2 | B52: 1547 | F52: 14-03-26 22:25 | G52: =RIGHT(F52,5) -> 22:25 | H52: №562 | I52: ТО-2 | J52: 14-03-26 23:41 | K52: =RIGHT(J52,5) -> 23:41 | L52: =H52 -> №562 | M52: =(J52-F52)*24 -> 1.2666667 | P52: 14-03-26 19:54 | Q52: =(F52-P52)*24 -> 2.5166667 | R52: =Q52-1 -> 1.5166667
A53: 3 | B53: 1547 | F53: 22-03-26 23:02 | G53: =RIGHT(F53,5) -> 23:02 | H53: №617 | I53: ТО-2 | J53: 23-03-26 00:27 | K53: =RIGHT(J53,5) -> 00:27 | L53: =H53 -> №617 | M53: =(J53-F53)*24 -> 1.4166667 | P53: 22-03-26 22:03 | Q53: =(F53-P53)*24 -> 0.98333333 | R53: =Q53-Q53 -> 0
A54: ИТОГО по лок-ву | C54: =Пробеги!E36 -> 15904 | D54: =C54*2 -> 31808 | E54: =DAY(EOMONTH($S$427,0))*24-M54-R54 -> 735 | M54: =SUM(M51:M53) -> 4.15 | Q54: =SUM(Q51:Q53) -> 7.8333333 | R54: =SUM(R51:R53) -> 4.85
A55: 1 | B55: 1548 | F55: 05-03-26 15:57 | G55: =RIGHT(F55,5) -> 15:57 | H55: №498 | I55: ТО-2 | J55: 05-03-26 17:15 | K55: =RIGHT(J55,5) -> 17:15 | L55: =H55 -> №498 | M55: =(J55-F55)*24 -> 1.3 | P55: 05-03-26 13:50 | Q55: =(F55-P55)*24 -> 2.1166667 | R55: =Q55-1 -> 1.1166667
A56: 2 | B56: 1548 | F56: 14-03-26 10:07 | G56: =RIGHT(F56,5) -> 10:07 | H56: №559 | I56: ТО-2 | J56: 14-03-26 11:13 | K56: =RIGHT(J56,5) -> 11:13 | L56: =H56 -> №559 | M56: =(J56-F56)*24 -> 1.1 | P56: 14-03-26 05:06 | Q56: =(F56-P56)*24 -> 5.0166667 | R56: =Q56-1 -> 4.0166667
A57: 3 | B57: 1548 | F57: 23-03-26 23:41 | G57: =RIGHT(F57,5) -> 23:41 | H57: №627 | I57: ТО-2 | J57: 24-03-26 00:53 | K57: =RIGHT(J57,5) -> 00:53 | L57: =H57 -> №627 | M57: =(J57-F57)*24 -> 1.2 | P57: 23-03-26 21:43 | Q57: =(F57-P57)*24 -> 1.9666667 | R57: =Q57-1 -> 0.96666667
A58: ИТОГО по лок-ву | C58: =Пробеги!E38 -> 14970 | D58: =C58*2 -> 29940 | E58: =DAY(EOMONTH($S$427,0))*24-M58-R58 -> 734.3 | M58: =SUM(M55:M57) -> 3.6 | Q58: =SUM(Q55:Q57) -> 9.1 | R58: =SUM(R55:R57) -> 6.1
A59: 1 | B59: 1602 | F59: 02-03-26 00:35 | G59: =RIGHT(F59,5) -> 00:35 | H59: №472 | I59: ТО-2 | J59: 02-03-26 01:45 | K59: =RIGHT(J59,5) -> 01:45 | L59: =H59 -> №472 | M59: =(J59-F59)*24 -> 1.1666667 | P59: 01-03-26 19:27 | Q59: =(F59-P59)*24 -> 5.1333333 | R59: =Q59-1 -> 4.1333333
A60: 2 | B60: 1602 | F60: 10-03-26 06:40 | G60: =RIGHT(F60,5) -> 06:40 | H60: №534 | I60: ТО-2 | J60: 10-03-26 07:45 | K60: =RIGHT(J60,5) -> 07:45 | L60: =H60 -> №534 | M60: =(J60-F60)*24 -> 1.0833333 | P60: 10-03-26 03:53 | Q60: =(F60-P60)*24 -> 2.7833333 | R60: =Q60-1 -> 1.7833333
A61: 3 | B61: 1602 | F61: 18-03-26 11:03 | G61: =RIGHT(F61,5) -> 11:03 | H61: №36 | I61: ТР-1 | J61: 18-03-26 21:50 | K61: =RIGHT(J61,5) -> 21:50 | L61: =H61 -> №36 | M61: =(J61-F61)*24 -> 10.783333 | P61: 17-03-26 07:35 | Q61: 11.8 | R61: =Q61-Q61 -> 0
A62: 4 | B62: 1602 | F62: 27-03-26 21:17 | G62: =RIGHT(F62,5) -> 21:17 | H62: №659 | I62: ТО-2 | J62: 27-03-26 22:21 | K62: =RIGHT(J62,5) -> 22:21 | L62: =H62 -> №659 | M62: =(J62-F62)*24 -> 1.0666667 | P62: 27-03-26 19:16 | Q62: =(F62-P62)*24 -> 2.0166667 | R62: =Q62-1 -> 1.0166667
A63: ИТОГО по лок-ву | C63: =Пробеги!E40 -> 15266 | D63: =C63*2 -> 30532 | E63: =DAY(EOMONTH($S$427,0))*24-M63-R63 -> 722.96667 | M63: =SUM(M59:M62) -> 14.1 | Q63: =SUM(Q59:Q62) -> 21.733333 | R63: =SUM(R59:R62) -> 6.9333333
A64: 1 | B64: 1603 | F64: 08-03-26 16:24 | G64: =RIGHT(F64,5) -> 16:24 | H64: №524 | I64: ТО-2 | J64: 08-03-26 17:47 | K64: =RIGHT(J64,5) -> 17:47 | L64: =H64 -> №524 | M64: =(J64-F64)*24 -> 1.3833333 | P64: 08-03-26 12:37 | Q64: =(F64-P64)*24 -> 3.7833333 | R64: =Q64-1 -> 2.7833333
A65: 2 | B65: 1603 | F65: 18-03-26 18:48 | G65: =RIGHT(F65,5) -> 18:48 | H65: №584 | I65: ТО-2 | J65: 18-03-26 20:12 | K65: =RIGHT(J65,5) -> 20:12 | L65: =H65 -> №584 | M65: =(J65-F65)*24 -> 1.4 | P65: 18-03-26 17:25 | Q65: =(F65-P65)*24 -> 1.3833333 | R65: =Q65-1 -> 0.38333333
A66: 3 | B66: 1603 | F66: 21-03-26 11:39 | G66: =RIGHT(F66,5) -> 11:39 | H66: №39 | I66: ТР-1 | J66: 21-03-26 21:24 | K66: =RIGHT(J66,5) -> 21:24 | L66: =H66 -> №39 | M66: =(J66-F66)*24 -> 9.75 | P66: 20-03-26 18:23 | Q66: 11.8 | R66: =Q66-Q66 -> 0
A67: ИТОГО по лок-ву | C67: =Пробеги!E42 -> 13352 | D67: =C67*2 -> 26704 | E67: =DAY(EOMONTH($S$427,0))*24-M67-R67 -> 728.3 | M67: =SUM(M64:M66) -> 12.533333 | Q67: =SUM(Q64:Q66) -> 16.966667 | R67: =SUM(R64:R66) -> 3.1666667
A68: 1 | B68: 1604 | F68: 07-03-26 15:12 | G68: =RIGHT(F68,5) -> 15:12 | H68: №515 | I68: ТО-2 | J68: 07-03-26 16:23 | K68: =RIGHT(J68,5) -> 16:23 | L68: =H68 -> №515 | M68: =(J68-F68)*24 -> 1.1833333 | P68: 07-03-26 12:14 | Q68: =(F68-P68)*24 -> 2.9666667 | R68: =Q68-1 -> 1.9666667
A69: 2 | B69: 1604 | F69: 18-03-26 15:21 | G69: =RIGHT(F69,5) -> 15:21 | H69: №582 | I69: ТО-2 | J69: 18-03-26 16:28 | K69: =RIGHT(J69,5) -> 16:28 | L69: =H69 -> №582 | M69: =(J69-F69)*24 -> 1.1166667 | P69: 18-03-26 06:29 | Q69: =(F69-P69)*24 -> 8.8666667 | R69: =Q69-1 -> 7.8666667
A70: 3 | B70: 1604 | F70: 28-03-26 11:50 | G70: =RIGHT(F70,5) -> 11:50 | H70: №661 | I70: ТО-2 | J70: 28-03-26 13:02 | K70: =RIGHT(J70,5) -> 13:02 | L70: =H70 -> №661 | M70: =(J70-F70)*24 -> 1.2 | P70: 28-03-26 09:51 | Q70: =(F70-P70)*24 -> 1.9833333 | R70: =Q70-1 -> 0.98333333
A71: ИТОГО по лок-ву | C71: =Пробеги!E44 -> 13623 | D71: =C71*2 -> 27246 | E71: =DAY(EOMONTH($S$427,0))*24-M71-R71 -> 729.68333 | M71: =SUM(M68:M70) -> 3.5 | Q71: =SUM(Q68:Q70) -> 13.816667 | R71: =SUM(R68:R70) -> 10.816667
A72: 1 | B72: 1605 | F72: 05-03-26 13:57 | G72: =RIGHT(F72,5) -> 13:57 | H72: №497 | I72: ТО-2 | J72: 05-03-26 15:13 | K72: =RIGHT(J72,5) -> 15:13 | L72: =H72 -> №497 | M72: =(J72-F72)*24 -> 1.2666667 | P72: 05-03-26 09:13 | Q72: =(F72-P72)*24 -> 4.7333333 | R72: =Q72-1 -> 3.7333333
A73: 2 | B73: 1605 | F73: 15-03-26 01:08 | G73: =RIGHT(F73,5) -> 01:08 | H73: №563 | I73: ТО-2 | J73: 15-03-26 02:22 | K73: =RIGHT(J73,5) -> 02:22 | L73: =H73 -> №563 | M73: =(J73-F73)*24 -> 1.2333333 | P73: 14-03-26 21:56 | Q73: =(F73-P73)*24 -> 3.2 | R73: =Q73-1 -> 2.2
A74: 3 | B74: 1605 | F74: 17-03-26 19:12 | G74: =RIGHT(F74,5) -> 19:12 | H74: №239 | I74: НР | J74: 17-03-26 20:21 | K74: =RIGHT(J74,5) -> 20:21 | L74: =H74 -> №239 | M74: =(J74-F74)*24 -> 1.15 | P74: 17-03-26 02:02 | Q74: =(F74-P74)*24 -> 17.166667 | R74: =Q74 -> 17.166667
A75: 4 | B75: 1605 | F75: 19-03-26 13:44 | G75: =RIGHT(F75,5) -> 13:44 | H75: №239 | I75: НР | J75: 19-03-26 16:54 | K75: =RIGHT(J75,5) -> 16:54 | L75: =H75 -> №239 | M75: =(J75-F75)*24 -> 3.1666667 | P75: 18-03-26 09:25 | Q75: =(F75-P75)*24 -> 28.316667 | R75: =Q75 -> 28.316667
A76: 5 | B76: 1605 | F76: 27-03-26 06:18 | G76: =RIGHT(F76,5) -> 06:18 | H76: №656 | I76: ТО-2 | J76: 27-03-26 07:34 | K76: =RIGHT(J76,5) -> 07:34 | L76: =H76 -> №656 | M76: =(J76-F76)*24 -> 1.2666667 | P76: 27-03-26 02:33 | Q76: =(F76-P76)*24 -> 3.75 | R76: =Q76-1 -> 2.75
A77: 6 | B77: 1605 | F77: 27-03-26 20:11 | G77: =RIGHT(F77,5) -> 20:11 | H77: №44 | I77: ТР-1 | J77: 28-03-26 19:31 | K77: =RIGHT(J77,5) -> 19:31 | L77: =H77 -> №44 | M77: =(J77-F77)*24 -> 23.333333 | P77: 27-03-26 08:38 | Q77: 11.8 | R77: =Q77-Q77 -> 0
A78: ИТОГО по лок-ву | C78: =Пробеги!E46 -> 11021 | D78: =C78*2 -> 22042 | E78: =DAY(EOMONTH($S$427,0))*24-M78-R78 -> 658.41667 | M78: =SUM(M72:M77) -> 31.416667 | Q78: =SUM(Q72:Q77) -> 68.966667 | R78: =SUM(R72:R77) -> 54.166667
A79: 1 | B79: 1606 | F79: 10-03-26 04:51 | G79: =RIGHT(F79,5) -> 04:51 | H79: №533 | I79: ТО-2 | J79: 10-03-26 05:58 | K79: =RIGHT(J79,5) -> 05:58 | L79: =H79 -> №533 | M79: =(J79-F79)*24 -> 1.1166667 | P79: 10-03-26 00:38 | Q79: =(F79-P79)*24 -> 4.2166667 | R79: =Q79-1 -> 3.2166667
A80: 2 | B80: 1606 | F80: 19-03-26 16:55 | G80: =RIGHT(F80,5) -> 16:55 | H80: №594 | I80: ТО-2 | J80: 19-03-26 18:06 | K80: =RIGHT(J80,5) -> 18:06 | L80: =H80 -> №594 | M80: =(J80-F80)*24 -> 1.1833333 | P80: 19-03-26 13:11 | Q80: =(F80-P80)*24 -> 3.7333333 | R80: =Q80-1 -> 2.7333333
A81: 3 | B81: 1606 | F81: 22-03-26 18:25 | G81: =RIGHT(F81,5) -> 18:25 | H81: №40 | I81: ТР-1 | J81: 23-03-26 19:32 | K81: =RIGHT(J81,5) -> 19:32 | L81: =H81 -> №40 | M81: =(J81-F81)*24 -> 25.116667 | P81: 22-03-26 13:50 | Q81: 11.8 | R81: =Q81-Q81 -> 0
A82: ИТОГО по лок-ву | C82: =Пробеги!E48 -> 13172 | D82: =C82*2 -> 26344 | E82: =DAY(EOMONTH($S$427,0))*24-M82-R82 -> 710.63333 | M82: =SUM(M79:M81) -> 27.416667 | Q82: =SUM(Q79:Q81) -> 19.75 | R82: =SUM(R79:R81) -> 5.95
L84: Страница 2 из 8
A85: 1 | B85: 1607 | F85: 05-03-26 03:35 | G85: =RIGHT(F85,5) -> 03:35 | H85: №493 | I85: ТО-2 | J85: 05-03-26 04:44 | K85: =RIGHT(J85,5) -> 04:44 | L85: =H85 -> №493 | M85: =(J85-F85)*24 -> 1.15 | P85: 05-03-26 02:49 | Q85: =(F85-P85)*24 -> 0.76666667 | R85: =Q85-Q85 -> 0
A86: 2 | B86: 1607 | F86: 12-03-26 04:11 | G86: =RIGHT(F86,5) -> 04:11 | H86: №233 | I86: НР | J86: 12-03-26 04:52 | K86: =RIGHT(J86,5) -> 04:52 | L86: =H86 -> №233 | M86: =(J86-F86)*24 -> 0.68333333 | P86: 11-03-26 23:00 | Q86: =(F86-P86)*24 -> 5.1833333 | R86: =Q86 -> 5.1833333
A87: 3 | B87: 1607 | F87: 12-03-26 21:59 | G87: =RIGHT(F87,5) -> 21:59 | H87: №549 | I87: ТО-2 | J87: 12-03-26 23:40 | K87: =RIGHT(J87,5) -> 23:40 | L87: =H87 -> №549 | M87: =(J87-F87)*24 -> 1.6833333 | P87: 12-03-26 21:01 | Q87: =(F87-P87)*24 -> 0.96666667 | R87: =Q87-Q87 -> 0
A88: 4 | B88: 1607 | F88: 12-03-26 23:41 | G88: =RIGHT(F88,5) -> 23:41 | H88: №233 | I88: НР | J88: 13-03-26 00:34 | K88: =RIGHT(J88,5) -> 00:34 | L88: =H88 -> №233 | M88: =(J88-F88)*24 -> 0.88333333 | P88: 12-03-26 23:41 | Q88: =(F88-P88)*24 -> 0 | R88: =Q88 -> 0
A89: 5 | B89: 1607 | F89: 23-03-26 14:12 | G89: =RIGHT(F89,5) -> 14:12 | H89: №41 | I89: ТР-1 | J89: 23-03-26 21:46 | K89: =RIGHT(J89,5) -> 21:46 | L89: =H89 -> №41 | M89: =(J89-F89)*24 -> 7.5666667 | P89: 23-03-26 05:33 | Q89: 11.8 | R89: =Q89-Q89 -> 0
A90: ИТОГО по лок-ву | C90: =Пробеги!E50 -> 15749 | D90: =C90*2 -> 31498 | E90: =DAY(EOMONTH($S$427,0))*24-M90-R90 -> 726.85 | M90: =SUM(M85:M89) -> 11.966667 | Q90: =SUM(Q85:Q89) -> 18.716667 | R90: =SUM(R85:R89) -> 5.1833333
A91: 1 | B91: 1608 | F91: 01-03-26 22:25 | G91: =RIGHT(F91,5) -> 22:25 | H91: №471 | I91: ТО-2 | J91: 01-03-26 23:44 | K91: =RIGHT(J91,5) -> 23:44 | L91: =H91 -> №471 | M91: =(J91-F91)*24 -> 1.3166667 | P91: 01-03-26 20:28 | Q91: =(F91-P91)*24 -> 1.95 | R91: =Q91-1 -> 0.95
A92: 2 | B92: 1608 | F92: 05-03-26 14:05 | G92: =RIGHT(F92,5) -> 14:05 | H92: №РЦ14/23 | I92: НР | J92: 05-03-26 14:29 | K92: =RIGHT(J92,5) -> 14:29 | L92: =H92 -> №РЦ14/23 | M92: =(J92-F92)*24 -> 0.4 | P92: 05-03-26 07:49 | Q92: =(F92-P92)*24 -> 6.2666667 | R92: 0
A93: 3 | B93: 1608 | F93: 10-03-26 21:17 | G93: =RIGHT(F93,5) -> 21:17 | H93: №539 | I93: ТО-2 | J93: 10-03-26 22:31 | K93: =RIGHT(J93,5) -> 22:31 | L93: =H93 -> №539 | M93: =(J93-F93)*24 -> 1.2333333 | P93: 10-03-26 19:10 | Q93: =(F93-P93)*24 -> 2.1166667 | R93: =Q93-1 -> 1.1166667
A94: 4 | B94: 1608 | F94: 19-03-26 05:23 | G94: =RIGHT(F94,5) -> 05:23 | H94: №588 | I94: ТО-2 | J94: 19-03-26 06:33 | K94: =RIGHT(J94,5) -> 06:33 | L94: =H94 -> №588 | M94: =(J94-F94)*24 -> 1.1666667 | P94: 19-03-26 00:14 | Q94: =(F94-P94)*24 -> 5.15 | R94: =Q94-1 -> 4.15
A95: 5 | B95: 1608 | F95: 24-03-26 11:01 | G95: =RIGHT(F95,5) -> 11:01 | H95: №42 | I95: ТР-1 | J95: 24-03-26 20:09 | K95: =RIGHT(J95,5) -> 20:09 | L95: =H95 -> №42 | M95: =(J95-F95)*24 -> 9.1333333 | P95: 24-03-26 02:49 | Q95: 11.8 | R95: =Q95-Q95 -> 0
A96: ИТОГО по лок-ву | C96: =Пробеги!E52 -> 14200 | D96: =C96*2 -> 28400 | E96: =DAY(EOMONTH($S$427,0))*24-M96-R96 -> 724.53333 | M96: =SUM(M91:M95) -> 13.25 | Q96: =SUM(Q91:Q95) -> 27.283333 | R96: =SUM(R91:R95) -> 6.2166667
A97: 1 | B97: 1609 | F97: 02-03-26 18:57 | G97: =RIGHT(F97,5) -> 18:57 | H97: №478 | I97: ТО-2 | J97: 02-03-26 20:14 | K97: =RIGHT(J97,5) -> 20:14 | L97: =H97 -> №478 | M97: =(J97-F97)*24 -> 1.2833333 | P97: 02-03-26 18:54 | Q97: =(F97-P97)*24 -> 0.05 | R97: =Q97-Q97 -> 0
A98: 2 | B98: 1609 | F98: 12-03-26 02:04 | G98: =RIGHT(F98,5) -> 02:04 | H98: №544 | I98: ТО-2 | J98: 12-03-26 03:33 | K98: =RIGHT(J98,5) -> 03:33 | L98: =H98 -> №544 | M98: =(J98-F98)*24 -> 1.4833333 | P98: 11-03-26 22:49 | Q98: =(F98-P98)*24 -> 3.25 | R98: =Q98-1 -> 2.25
A99: 3 | B99: 1609 | F99: 22-03-26 05:22 | G99: =RIGHT(F99,5) -> 05:22 | H99: №613 | I99: ТО-2 | J99: 22-03-26 06:34 | K99: =RIGHT(J99,5) -> 06:34 | L99: =H99 -> №613 | M99: =(J99-F99)*24 -> 1.2 | P99: 22-03-26 05:21 | Q99: =(F99-P99)*24 -> 0.016666667 | R99: =Q99-Q99 -> 0
A100: 4 | B100: 1609 | F100: 30-03-26 09:54 | G100: =RIGHT(F100,5) -> 09:54 | H100: №46 | I100: ТР-1 | J100: 30-03-26 21:21 | K100: =RIGHT(J100,5) -> 21:21 | L100: =H100 -> №46 | M100: =(J100-F100)*24 -> 11.45 | P100: 28-03-26 02:31 | Q100: 11.8 | R100: =Q100-Q100 -> 0
A101: ИТОГО по лок-ву | C101: =Пробеги!E54 -> 12802 | D101: =C101*2 -> 25604 | E101: =DAY(EOMONTH($S$427,0))*24-M101-R101 -> 726.33333 | M101: =SUM(M97:M100) -> 15.416667 | Q101: =SUM(Q97:Q100) -> 15.116667 | R101: =SUM(R97:R100) -> 2.25
A102: 1 | B102: 1610 | F102: 02-03-26 14:55 | G102: =RIGHT(F102,5) -> 14:55 | H102: №РЦ14/21 | I102: НР | J102: 02-03-26 15:32 | K102: =RIGHT(J102,5) -> 15:32 | L102: =H102 -> №РЦ14/21 | M102: =(J102-F102)*24 -> 0.61666667 | P102: 02-03-26 03:14 | Q102: =(F102-P102)*24 -> 11.683333 | R102: 0
A103: 2 | B103: 1610 | F103: 06-03-26 04:06 | G103: =RIGHT(F103,5) -> 04:06 | H103: №503 | I103: ТО-2 | J103: 06-03-26 05:32 | K103: =RIGHT(J103,5) -> 05:32 | L103: =H103 -> №503 | M103: =(J103-F103)*24 -> 1.4333333 | P103: 05-03-26 23:44 | Q103: =(F103-P103)*24 -> 4.3666667 | R103: =Q103-1 -> 3.3666667
A104: 3 | B104: 1610 | F104: 16-03-26 08:25 | G104: =RIGHT(F104,5) -> 08:25 | H104: №572 | I104: ТО-2 | J104: 16-03-26 09:40 | K104: =RIGHT(J104,5) -> 09:40 | L104: =H104 -> №572 | M104: =(J104-F104)*24 -> 1.25 | P104: 16-03-26 06:01 | Q104: =(F104-P104)*24 -> 2.4 | R104: =Q104-1 -> 1.4
A105: 4 | B105: 1610 | F105: 26-03-26 04:40 | G105: =RIGHT(F105,5) -> 04:40 | H105: №644 | I105: ТО-2 | J105: 26-03-26 06:13 | K105: =RIGHT(J105,5) -> 06:13 | L105: =H105 -> №644 | M105: =(J105-F105)*24 -> 1.55 | P105: 25-03-26 23:48 | Q105: =(F105-P105)*24 -> 4.8666667 | R105: =Q105-1 -> 3.8666667
A106: 5 | B106: 1610 | F106: 31-03-26 09:44 | G106: =RIGHT(F106,5) -> 09:44 | H106: №47 | I106: ТР-1 | J106: 31-03-26 18:51 | K106: =RIGHT(J106,5) -> 18:51 | L106: =H106 -> №47 | M106: =(J106-F106)*24 -> 9.1166667 | P106: 30-03-26 16:59 | Q106: =(F106-P106)*24 -> 16.75 | R106: =Q106-Q106 -> 0
A107: ИТОГО по лок-ву | C107: =Пробеги!E56 -> 14418 | D107: =C107*2 -> 28836 | E107: =DAY(EOMONTH($S$427,0))*24-M107-R107 -> 721.4 | M107: =SUM(M102:M106) -> 13.966667 | Q107: =SUM(Q102:Q106) -> 40.066667 | R107: =SUM(R102:R106) -> 8.6333333
A108: 1 | B108: 1611 | F108: 03-03-26 08:36 | G108: =RIGHT(F108,5) -> 08:36 | H108: №480 | I108: ТО-2 | J108: 03-03-26 09:37 | K108: =RIGHT(J108,5) -> 09:37 | L108: =H108 -> №480 | M108: =(J108-F108)*24 -> 1.0166667 | P108: 03-03-26 08:34 | Q108: =(F108-P108)*24 -> 0.033333333 | R108: =Q108-Q108 -> 0
A109: 2 | B109: 1611 | F109: 09-03-26 22:48 | G109: =RIGHT(F109,5) -> 22:48 | H109: №529 | I109: ТО-2 | J109: 10-03-26 00:05 | K109: =RIGHT(J109,5) -> 00:05 | L109: =H109 -> №529 | M109: =(J109-F109)*24 -> 1.2833333 | P109: 09-03-26 22:42 | Q109: =(F109-P109)*24 -> 0.1 | R109: =Q109-Q109 -> 0
A110: 3 | B110: 1611 | F110: 21-03-26 16:54 | G110: =RIGHT(F110,5) -> 16:54 | H110: №607 | I110: ТО-2 | J110: 21-03-26 18:07 | K110: =RIGHT(J110,5) -> 18:07 | L110: =H110 -> №607 | M110: =(J110-F110)*24 -> 1.2166667 | P110: 19-03-26 03:21 | Q110: =(F110-P110)*24 -> 61.55 | R110: 0
...

Sheet Бюджет времени
A1: 1539 | B1: 46081.75 | C1: 46112.75 | D1: =(C1-B1)*24 -> 744
A2: 1540 | B2: 46081.75 | C2: 46112.75 | D2: =(C2-B2)*24 -> 744
A3: 1541 | B3: 46081.75 | C3: 46112.75 | D3: =(C3-B3)*24 -> 744
A4: 1542 | B4: 46081.75 | C4: 46112.75 | D4: =(C4-B4)*24 -> 744
A5: 1543 | B5: 46081.75 | C5: 46112.75 | D5: =(C5-B5)*24 -> 744
A6: 1544 | B6: 46081.75 | C6: 46112.75 | D6: =(C6-B6)*24 -> 744
A7: 1545 | B7: 46081.75 | C7: 46112.75 | D7: =(C7-B7)*24 -> 744
A8: 1546 | B8: 46081.75 | C8: 46112.75 | D8: =(C8-B8)*24 -> 744
A9: 1547 | B9: 46081.75 | C9: 46112.75 | D9: =(C9-B9)*24 -> 744
A10: 1548 | B10: 46081.75 | C10: 46112.75 | D10: =(C10-B10)*24 -> 744
A11: 1602 | B11: 46081.75 | C11: 46112.75 | D11: =(C11-B11)*24 -> 744
A12: 1603 | B12: 46081.75 | C12: 46112.75 | D12: =(C12-B12)*24 -> 744
... A77: 1670 | B77: 46105.69 | C77: 46112.75 | D77: =(C77-B77)*24 -> 169.43333
A78: =COUNTA(A1:A77) -> 77 | D78: =SUM(D1:D77) -> 49634.95

Sheet Пробеги
A1: Отчёт по пробегам секций локомотивов, времени пребывания локомотивов в эксплуатируемом и неэксплуатируемом парках
A2: Дата и время выдачи справки: 2026-04-01 05.06
A3: Начало интервала: 2026-02-28 18.00.00
A4: Окончание интервала: 2026-03-31 18.00.00
A5: Дирекция тяги приписки: Октябрьская
A6: Депо приписки: ТЧЭ-21 ВОЛХОВСТРОЙ
A7: Вид тяги: электровозы
A8: Род службы ТПС: все
A9: Группа серий ТПС: все
A10: Серия локомотивов: 2ЭС6
A11: Номер секции: все
A12: Признак секции: все
A14: Отчёт по пробегам локомотивов
A15: Дирекция | B15: Депо | C15: Серия | D15: Номер | E15: Фактический | G15: Фактическое время в | K15: Фактическое время в
A16: тяги | B16: приписки | C16: локомотива | D16: секции | E16: пробег | G16: эксплуатируемом парке, ч | K16: неэксплуатируемом парке, ч
A17: приписки | B17: локомотива | E17: км | F17: ч | G17: Итого | H17: В том числе в | I17: В том числе в | J17: В том числе в ожидании ТО-2, на ТО-2 и экипировке | K17: Итого | L17: В том числе на | M17: В том числе на
H18: рабочем парке | I18: ожидании работы | L18: плановых ТО, ТР | M18: неплановых ремонтах
A19: 1 | B19: 2 | C19: 3 | D19: 4 | E19: 5 | F19: 6 | G19: 7 | H19: 8 | I19: 9 | J19: 10 | K19: 11 | L19: 12 | M19: 13
A20: Октябрьская | B20: ТЧЭ-21 ВОЛХОВСТРОЙ | C20: 2ЭС6 | D20: 1539 A | E20: 13892 | F20: 744 | G20: 744 | H20: 445 | I20: 56 | J20: 24 | K20: 0 | L20: 0 | M20: 0
A21: Октябрьская | B21: ТЧЭ-21 ВОЛХОВСТРОЙ | C21: 2ЭС6 | D21: 1539 Б | E21: 13892 | F21: 744 | G21: 744 | H21: 445 | I21: 56 | J21: 24 | K21: 0 | L21: 0 | M21: 0
A22: Октябрьская | B22: ТЧЭ-21 ВОЛХОВСТРОЙ | C22: 2ЭС6 | D22: 1540 A | E22: 12849 | F22: 676 | G22: 676 | H22: 434 | I22: 49 | J22: 20 | K22: 69 | L22: 63 | M22: 6
A23: Октябрьская | B23: ТЧЭ-21 ВОЛХОВСТРОЙ | C23: 2ЭС6 | D23: 1540 Б | E23: 12849 | F23: 676 | G23: 676 | H23: 434 | I23: 49 | J23: 20 | K23: 69 | L23: 63 | M23: 6
A24: Октябрьская | B24: ТЧЭ-21 ВОЛХОВСТРОЙ | C24: 2ЭС6 | D24: 1541 A | E24: 11384 | F24: 619 | G24: 619 | H24: 361 | I24: 53 | J24: 60 | K24: 126 | L24: 54 | M24: 10
A25: Октябрьская | B25: ТЧЭ-21 ВОЛХОВСТРОЙ | C25: 2ЭС6 | D25: 1541 Б | E25: 11384 | F25: 619 | G25: 619 | H25: 361 | I25: 53 | J25: 60 | K25: 126 | L25: 54 | M25: 10
A26: Октябрьская | B26: ТЧЭ-21 ВОЛХОВСТРОЙ | C26: 2ЭС6 | D26: 1542 A | E26: 13461 | F26: 700 | G26: 700 | H26: 449 | I26: 94 | J26: 15 | K26: 44 | L26: 44 | M26: 0
A27: Октябрьская | B27: ТЧЭ-21 ВОЛХОВСТРОЙ | C27: 2ЭС6 | D27: 1542 Б | E27: 13461 | F27: 700 | G27: 700 | H27: 449 | I27: 94 | J27: 15 | K27: 44 | L27: 44 | M27: 0
A28: Октябрьская | B28: ТЧЭ-21 ВОЛХОВСТРОЙ | C28: 2ЭС6 | D28: 1543 A | E28: 13668 | F28: 744 | G28: 744 | H28: 469 | I28: 104 | J28: 27 | K28: 0 | L28: 0 | M28: 0
A29: Октябрьская | B29: ТЧЭ-21 ВОЛХОВСТРОЙ | C29: 2ЭС6 | D29: 1543 Б | E29: 13668 | F29: 744 | G29: 744 | H29: 469 | I29: 104 | J29: 27 | K29: 0 | L29: 0 | M29: 0
A30: Октябрьская | B30: ТЧЭ-21 ВОЛХОВСТРОЙ | C30: 2ЭС6 | D30: 1544 A | E30: 11468 | F30: 611 | G30: 611 | H30: 409 | I30: 79 | J30: 29 | K30: 133 | L30: 115 | M30: 0
A31: Октябрьская | B31: ТЧЭ-21 ВОЛХОВСТРОЙ | C31: 2ЭС6 | D31: 1544 Б | E31: 11468 | F31: 611 | G31: 611 | H31: 409 | I31: 79 | J31: 29 | K31: 133 | L31: 115 | M31: 0
... A173: Октябрьская | B173: ТЧЭ-21 ВОЛХОВСТРОЙ | C173: 2ЭС6 | D173: 1670 Б | E173: 1401 | F173: 119 | G173: 119 | H173: 60 | I173: 30 | J173: 9 | K173: 50 | L173: 32 | M173: 0
A174: Итого: | E174: =SUM(E20:E173)/2 -> 882118 | F174: 100256 | G174: 100256 | H174: 64098 | I174: 9438 | J174: 2578 | K174: 6460 | L174: 3446 | M174: 1330
E175: =E174*2 -> 1764236
