Workbook
Name _Toc410296219: 'СТА за март 2026 года (2ЭС7)'!$A$78
Name _Toc410296220: 'СТА за март 2026 года (2ЭС7)'!$A$82
Name _Toc410296221: 'СТА за март 2026 года (2ЭС7)'!$A$85
Name _Toc410296222: 'СТА за март 2026 года (2ЭС7)'!$A$87

Sheet СТА за март 2026 года (2ЭС7)
A11: Настоящий Акт составлен по серии Локомотивов | H11: 2ЭС7
A13: № п/п | B13: Серия локомотива | C13: Номер Локомотива | D13: Кол-во секций | E13: Фактический пробег (часы в эксплуатации) всех секций локомотива без превышения межремонтного периода км/час | F13: Фактический пробег (часы в эксплуатации) всех секций локомотива с превышением межремонтного периода км/час | G13: Фактический пробег (часы в эксплуатации) всех секций локомотива с превышением межремонтного периода, допущенный по вине Исполнителя км/час | H13: Фактический пробег (часы в эксплуатации) всех секций локомотива за месяц, подлежащий оплате км/час | I13: Дата постановки Локомотива в ремонт | J13: Время постановки Локомотива в ремонт | K13: № Акта приемки Локомотива в ремонт | L13: Вид ремонта | M13: Дата выхода Локомотива из ремонта | N13: Время выхода Локомотива из ремонта | O13: № Акта приемки Локомотива из ремонта | P13: Кол-во часов нахождения в ремонте одной секции | Q13: Количество часов нахождения всех секций в ремонте (суммарно) | T13: Дата постановки в ОЖ. ТО-2, ОЖ. ТО-2 с экипировкой,ож ТР,ож НЕПЛ РЕМ | U13: Время в ОЖ. | V13: Время в ОЖ. За вычетом 1 часа в ИСПРАВНОМ состоянии
A14: 1 | B14: 2ЭС7 | C14: 001 | D14: 2 | I14: 01-03-26 01:16 | J14: =RIGHT(I14,5) -> 01:16 | K14: №464 | L14: ТО-2 | M14: 01-03-26 03:19 | N14: =RIGHT(M14,5) -> 03:19 | O14: =K14 -> №464 | P14: =(M14-I14)*24 -> 2.05 | Q14: =P14*2 -> 4.1 | R14: Эксплуатация | S14: =SUMIF(A:A,"*нахождения в эксплуатации*",G:G) -> 18001.8 | T14: 28-02-26 16:45 | U14: =(I14-T14)*24 -> 8.5166667 | V14: =IF(U14<=1,0,U14-U14) -> 0
A15: 2 | B15: 2ЭС7 | C15: 001 | D15: 2 | I15: 12-03-26 16:08 | J15: =RIGHT(I15,5) -> 16:08 | K15: №231 | L15: НР | M15: 12-03-26 18:04 | N15: =RIGHT(M15,5) -> 18:04 | O15: =K15 -> №231 | P15: =(M15-I15)*24 -> 1.9333333 | Q15: =P15*2 -> 3.8666667 | R15: Пробег | S15: =SUMIF(A:A,"*км.пробега*",G:G) -> 492026 | T15: 11-03-26 23:28 | U15: =(I15-T15)*24 -> 16.666667 | V15: =U15 -> 16.666667
A16: 3 | B16: 2ЭС7 | C16: 001 | D16: 2 | I16: 22-03-26 16:46 | J16: =RIGHT(I16,5) -> 16:46 | K16: №616 | L16: ТО-2 | M16: 22-03-26 18:50 | N16: =RIGHT(M16,5) -> 18:50 | O16: =K16 -> №616 | P16: =(M16-I16)*24 -> 2.0666667 | Q16: =P16*2 -> 4.1333333 | R16: Обслуживание | S16: =SUMIF(A:A,"*на Обслуживании*",G:G)-S17 -> 430.9 | T16: 22-03-26 14:19 | U16: =(I16-T16)*24 -> 2.45 | V16: =IF(U16<=1,0,U16-U16) -> 0
A17: ИТОГО по лок-ву в хоз.движении | R17: НР | S17: =SUMIF(A:A,"*на Обслуживании по вине Исполнителя*",G:G) -> 113.63333 | U17: =SUM(U14:U16)*2 -> 55.266667 | V17: =SUM(V14:V16)*2 -> 33.333333
A18: ИТОГО по лок-ву в обычном движении | E18: =Пробеги!E20+Пробеги!E21 -> 38796 | F18: =E18 -> 38796 | G18: 0 | H18: =F18 -> 38796 | R18: Рекламация | S18: =SUMIF(A:A,"*на Обслуживании по рекламационным ремонтам*",G:G) -> 0
A19: 1 | B19: 2ЭС7 | C19: 002 | D19: 2 | I19: 04-03-26 10:50 | J19: =RIGHT(I19,5) -> 10:50 | K19: №486 | L19: ТО-2 | M19: 04-03-26 12:54 | N19: =RIGHT(M19,5) -> 12:54 | O19: =K19 -> №486 | P19: =(M19-I19)*24 -> 2.0666667 | Q19: =P19*2 -> 4.1333333 | R19: Адм.изд. | S19: =SUMIF(A:A,"*административных издержек*",G:G) -> 338.5 | T19: 04-03-26 06:26 | U19: =(I19-T19)*24 -> 4.4 | V19: =IF(U19<=1,0,U19-U19) -> 0
A20: 2 | B20: 2ЭС7 | C20: 002 | D20: 2 | I20: 25-03-26 00:47 | J20: =RIGHT(I20,5) -> 00:47 | K20: №636 | L20: ТО-2 | M20: 25-03-26 02:48 | N20: =RIGHT(M20,5) -> 02:48 | O20: =K20 -> №636 | P20: =(M20-I20)*24 -> 2.0166667 | Q20: =P20*2 -> 4.0333333 | R20: План КГЭ | S20: =#REF! -> #REF! | T20: 24-03-26 18:44 | U20: =(I20-T20)*24 -> 6.05 | V20: =IF(U20<=1,0,U20-U20) -> 0
A21: ИТОГО по лок-ву в хоз.движении | R21: Адм.изд. РЖД раб | S21: =U62-V62+Z95+Z93+Z96+Z97+Z98+Z99+Z100+Z101+Z102 -> 59.5 | U21: =SUM(U19:U20)*2 -> 20.9 | V21: =SUM(V19:V20)*2 -> 0
A22: ИТОГО по лок-ву в обычном движении | E22: =Пробеги!E22+Пробеги!E23 -> 43322 | F22: =E22 -> 43322 | G22: 0 | H22: =F22 -> 43322 | R22: НР РЖД | S22: =Z78+Z79+Z80+Z81 -> 17.666667
A23: 1 | B23: 2ЭС7 | C23: 003 | D23: 2 | I23: 03-03-26 09:49 | J23: =RIGHT(I23,5) -> 09:49 | K23: №5 | L23: ТО-4 | M23: 05-03-26 18:11 | N23: =RIGHT(M23,5) -> 18:11 | O23: =K23 -> №5 | P23: =(M23-I23)*24 -> 56.366667 | Q23: =P23*2 -> 112.73333 | R23: Адм.изд. РЖД | S23: =Z112+Z113 -> 0 | T23: 01-03-26 22:26 | U23: =(I23-T23)*24 -> 35.383333 | V23: =U23-U23 -> 0
A24: 2 | B24: 2ЭС7 | C24: 003 | D24: 2 | I24: 16-03-26 03:10 | J24: =RIGHT(I24,5) -> 03:10 | K24: №570 | L24: ТО-2 | M24: 16-03-26 05:06 | N24: =RIGHT(M24,5) -> 05:06 | O24: =K24 -> №570 | P24: =(M24-I24)*24 -> 1.9333333 | Q24: =P24*2 -> 3.8666667 | T24: 16-03-26 02:17 | U24: =(I24-T24)*24 -> 0.88333333 | V24: =IF(U24<=1,0,U24-U24) -> 0
A25: Итого часов в хоз.движении | U25: =SUM(U23:U24)*2 -> 72.533333 | V25: =SUM(V23:V24)*2 -> 0
A26: Итого часов в обычном движении | E26: =Пробеги!E24+Пробеги!E25 -> 37596 | F26: =E26 -> 37596 | G26: 0 | H26: =F26 -> 37596
A27: 1 | B27: 2ЭС7 | C27: 004 | D27: 2 | I27: 07-03-26 11:10 | J27: =RIGHT(I27,5) -> 11:10 | K27: №216 | L27: НР | M27: 09-03-26 11:21 | N27: =RIGHT(M27,5) -> 11:21 | O27: =K27 -> №216 | P27: =(M27-I27)*24 -> 48.183333 | Q27: =P27*2 -> 96.366667 | T27: 07-03-26 11:10 | U27: =(I27-T27)*24 -> 0 | V27: =U27 -> 0
A28: 2 | B28: 2ЭС7 | C28: 004 | D28: 2 | I28: 18-03-26 23:07 | J28: =RIGHT(I28,5) -> 23:07 | K28: №585 | L28: ТО-2 | M28: 19-03-26 01:04 | N28: =RIGHT(M28,5) -> 01:04 | O28: =K28 -> №585 | P28: =(M28-I28)*24 -> 1.95 | Q28: =P28*2 -> 3.9 | T28: 18-03-26 21:29 | U28: =(I28-T28)*24 -> 1.6333333 | V28: =IF(U28<=1,0,U28-U28) -> 0
A29: Итого часов в хоз.движении | U29: =SUM(U27:U28)*2 -> 3.2666667 | V29: =SUM(V27:V28)*2 -> 0
A30: Итого часов в обычном движении | E30: =Пробеги!E26+Пробеги!E27 -> 40694 | F30: =E30 -> 40694 | G30: 0 | H30: =F30 -> 40694
A31: 1 | B31: 2ЭС7 | C31: 005 | D31: 2 | I31: 01-03-26 05:12 | J31: =RIGHT(I31,5) -> 05:12 | K31: №466 | L31: ТО-2 | M31: 01-03-26 07:17 | N31: =RIGHT(M31,5) -> 07:17 | O31: =K31 -> №466 | P31: =(M31-I31)*24 -> 2.0833333 | Q31: =P31*2 -> 4.1666667 | T31: 28-02-26 19:13 | U31: =(I31-T31)*24 -> 9.9833333 | V31: =IF(U31<=1,0,U31-U31) -> 0
A32: 2 | B32: 2ЭС7 | C32: 005 | D32: 2 | I32: 24-03-26 02:04 | J32: =RIGHT(I32,5) -> 02:04 | K32: №628 | L32: ТО-2 | M32: 24-03-26 04:23 | N32: =RIGHT(M32,5) -> 04:23 | O32: =K32 -> №628 | P32: =(M32-I32)*24 -> 2.3166667 | Q32: =P32*2 -> 4.6333333 | T32: 24-03-26 02:02 | U32: =(I32-T32)*24 -> 0.033333333 | V32: =IF(U32<=1,0,U32-U32) -> 0
A33: Итого часов в хоз.движении
A34: Итого часов в обычном движении | E34: =Пробеги!E28+Пробеги!E29 -> 39044 | F34: =E34 -> 39044 | G34: 0 | H34: =F34 -> 39044 | U34: =SUM(U31:U33)*2 -> 20.033333 | V34: =SUM(V31:V33)*2 -> 0
A35: 1 | B35: 2ЭС7 | C35: 006 | D35: 2 | I35: 18-03-26 16:44 | J35: =RIGHT(I35,5) -> 16:44 | K35: №583 | L35: ТО-2 | M35: 18-03-26 19:13 | N35: =RIGHT(M35,5) -> 19:13 | O35: =K35 -> №583 | P35: =(M35-I35)*24 -> 2.4833333 | Q35: =P35*2 -> 4.9666667 | T35: 18-03-26 09:33 | U35: =(I35-T35)*24 -> 7.1833333 | V35: =IF(U35<=1,0,U35-U35) -> 0
A36: 2 | B36: 2ЭС7 | C36: 006 | D36: 2 | I36: 18-03-26 19:14 | J36: =RIGHT(I36,5) -> 19:14 | K36: №246 | L36: НР | M36: 23-03-26 19:25 | N36: =RIGHT(M36,5) -> 19:25 | O36: =K36 -> №246 | P36: =(M36-I36)*24 -> 120.18333 | Q36: =P36*2 -> 240.36667 | T36: 18-03-26 19:14 | U36: =(I36-T36)*24 -> 0 | V36: 0
A37: Итого часов в хоз.движении
A38: Итого часов в обычном движении | E38: =Пробеги!E30+Пробеги!E31 -> 31592 | F38: =E38 -> 31592 | G38: 0 | H38: =F38 -> 31592 | U38: =SUM(U35:U37)*2 -> 14.366667 | V38: =SUM(V35:V37)*2 -> 0
A39: 1 | B39: 2ЭС7 | C39: 007 | D39: 2 | I39: 18-03-26 00:30 | J39: =RIGHT(I39,5) -> 00:30 | K39: №580 | L39: ТО-2 | M39: 18-03-26 02:41 | N39: =RIGHT(M39,5) -> 02:41 | O39: =K39 -> №580 | P39: =(M39-I39)*24 -> 2.1833333 | Q39: =P39*2 -> 4.3666667 | T39: 17-03-26 20:31 | U39: =(I39-T39)*24 -> 3.9833333 | V39: =IF(U39<=1,0,U39-U39) -> 0
A40: 2 | B40: 2ЭС7 | C40: 007 | D40: 2 | I40: 28-03-26 15:11 | J40: =RIGHT(I40,5) -> 15:11 | K40: №8 | L40: ТО-4 | M40: 28-03-26 22:11 | N40: =RIGHT(M40,5) -> 22:11 | O40: =K40 -> №8 | P40: =(M40-I40)*24 -> 7 | Q40: =P40*2 -> 14 | T40: 27-03-26 18:26 | U40: =(I40-T40)*24 -> 20.75 | V40: =IF(U40<=1,0,U40-U40) -> 0
A41: Итого часов в хоз.движении
A42: Итого часов в обычном движении | E42: =Пробеги!E32+Пробеги!E33 -> 37894 | F42: =E42 -> 37894 | G42: 0 | H42: =F42 -> 37894 | U42: =SUM(U39:U41)*2 -> 49.466667 | V42: =SUM(V39:V41)*2 -> 0
A43: 1 | B43: 2ЭС7 | C43: 008 | D43: 2 | I43: 01-03-26 11:26 | J43: =RIGHT(I43,5) -> 11:26 | K43: №468 | L43: ТО-2 | M43: 01-03-26 13:28 | N43: =RIGHT(M43,5) -> 13:28 | O43: =K43 -> №468 | P43: =(M43-I43)*24 -> 2.0333333 | Q43: =P43*2 -> 4.0666667 | T43: 01-03-26 07:44 | U43: =(I43-T43)*24 -> 3.7 | V43: =IF(U43<=1,0,U43-U43) -> 0
A44: 2 | B44: 2ЭС7 | C44: 008 | D44: 2 | I44: 21-03-26 21:04 | J44: =RIGHT(I44,5) -> 21:04 | K44: №609 | L44: ТО-2 | M44: 21-03-26 23:34 | N44: =RIGHT(M44,5) -> 23:34 | O44: =K44 -> №609 | P44: =(M44-I44)*24 -> 2.5 | Q44: =P44*2 -> 5 | T44: 21-03-26 18:12 | U44: =(I44-T44)*24 -> 2.8666667 | V44: =IF(U44<=1,0,U44-U44) -> 0
A45: 3 | B45: 2ЭС7 | C45: 008 | D45: 2 | I45: 21-03-26 23:34 | J45: =RIGHT(I45,5) -> 23:34 | K45: №255 | L45: НР | M45: 26-03-26 12:58 | N45: =RIGHT(M45,5) -> 12:58 | O45: =K45 -> №255 | P45: =(M45-I45)*24 -> 109.4 | Q45: =P45*2 -> 218.8 | T45: 21-03-26 23:34 | U45: =(I45-T45)*24 -> 0 | V45: 0
A46: Итого часов в хоз.движении
A47: Итого часов в обычном движении | E47: =Пробеги!E34+Пробеги!E35 -> 35170 | F47: =E47 -> 35170 | G47: 0 | H47: =F47 -> 35170 | U47: =SUM(U43:U46)*2 -> 13.133333 | V47: =SUM(V43:V46)*2 -> 0
O49: Страница 1 из 2
A50: 1 | B50: 2ЭС7 | C50: 009 | D50: 2 | I50: 02-03-26 09:41 | J50: =RIGHT(I50,5) -> 09:41 | K50: №25 | L50: ТР-1 | M50: 04-03-26 15:31 | N50: =RIGHT(M50,5) -> 15:31 | O50: =K50 -> №25 | P50: =(M50-I50)*24 -> 53.833333 | Q50: =P50*2 -> 107.66667 | T50: 28-02-26 16:40 | U50: =(I50-T50)*24 -> 41.016667 | V50: =IF(U50<=1,0,U50-U50) -> 0
A51: 2 | B51: 2ЭС7 | C51: 009 | D51: 2 | I51: 23-03-26 12:48 | J51: =RIGHT(I51,5) -> 12:48 | K51: №621 | L51: ТО-2 | M51: 23-03-26 14:49 | N51: =RIGHT(M51,5) -> 14:49 | O51: =K51 -> №621 | P51: =(M51-I51)*24 -> 2.0166667 | Q51: =P51*2 -> 4.0333333 | T51: 23-03-26 09:57 | U51: =(I51-T51)*24 -> 2.85 | V51: =IF(U51<=1,0,U51-U51) -> 0
A52: Итого часов в хоз.движении | U52: =SUM(U50:U51)*2 -> 87.733333 | V52: =SUM(V50:V51)*2 -> 0
A53: Итого часов в обычном движении | E53: =Пробеги!E36+Пробеги!E37 -> 36402 | F53: =E53 -> 36402 | G53: 0 | H53: =F53 -> 36402
A54: 1 | B54: 2ЭС7 | C54: 010 | D54: 2 | I54: 21-03-26 01:08 | J54: =RIGHT(I54,5) -> 01:08 | K54: №603 | L54: ТО-2 | M54: 21-03-26 03:37 | N54: =RIGHT(M54,5) -> 03:37 | O54: =K54 -> №603 | P54: =(M54-I54)*24 -> 2.4833333 | Q54: =P54*2 -> 4.9666667 | T54: 20-03-26 20:37 | U54: =(I54-T54)*24 -> 4.5166667 | V54: =IF(U54<=1,0,U54-U54) -> 0
A55: 2 | B55: 2ЭС7 | C55: 010 | D55: 2 | I55: 21-03-26 03:38 | J55: =RIGHT(I55,5) -> 03:38 | K55: №252 | L55: НР | M55: 21-03-26 05:04 | N55: =RIGHT(M55,5) -> 05:04 | O55: =K55 -> №252 | P55: =(M55-I55)*24 -> 1.4333333 | Q55: =P55*2 -> 2.8666667 | T55: 21-03-26 03:38 | U55: =(I55-T55)*24 -> 0 | V55: =U55 -> 0
A56: Итого часов в хоз.движении | U56: =SUM(U54:U55)*2 -> 9.0333333 | V56: =SUM(V54:V55)*2 -> 0
A57: Итого часов в обычном движении | E57: =Пробеги!E38+Пробеги!E39 -> 41942 | F57: =E57 -> 41942 | G57: 0 | H57: =F57 -> 41942
A58: 1 | B58: 2ЭС7 | C58: 011 | D58: 2 | I58: 06-03-26 13:14 | J58: =RIGHT(I58,5) -> 13:14 | K58: №508 | L58: ТО-2 | M58: 06-03-26 15:18 | N58: =RIGHT(M58,5) -> 15:18 | O58: =K58 -> №508 | P58: =(M58-I58)*24 -> 2.0666667 | Q58: =P58*2 -> 4.1333333 | T58: 06-03-26 09:08 | U58: =(I58-T58)*24 -> 4.1 | V58: =IF(U58<=1,0,U58-U58) -> 0
A59: 2 | B59: 2ЭС7 | C59: 011 | D59: 2 | I59: 10-03-26 14:57 | J59: =RIGHT(I59,5) -> 14:57 | K59: №6 | L59: ТО-4 | M59: 11-03-26 18:48 | N59: =RIGHT(M59,5) -> 18:48 | O59: =K59 -> №6 | P59: =(M59-I59)*24 -> 27.85 | Q59: =P59*2 -> 55.7 | T59: 10-03-26 03:16 | U59: =(I59-T59)*24 -> 11.683333 | V59: =U59-U59 -> 0
A60: 3 | B60: 2ЭС7 | C60: 011 | D60: 2 | I60: 16-03-26 13:38 | J60: =RIGHT(I60,5) -> 13:38 | K60: №236 | L60: НР | M60: 16-03-26 14:23 | N60: =RIGHT(M60,5) -> 14:23 | O60: =K60 -> №236 | P60: =(M60-I60)*24 -> 0.75 | Q60: =P60*2 -> 1.5 | T60: 13-03-26 05:28 | U60: =(I60-T60)*24 -> 80.166667 | V60: =U60 -> 80.166667
A61: 4 | B61: 2ЭС7 | C61: 011 | D61: 2 | I61: 16-03-26 16:27 | J61: =RIGHT(I61,5) -> 16:27 | K61: №34 | L61: ТР-1 | M61: 17-03-26 22:14 | N61: =RIGHT(M61,5) -> 22:14 | O61: =K61 -> №34 | P61: =(M61-I61)*24 -> 29.783333 | Q61: =P61*2 -> 59.566667 | T61: 16-03-26 14:24 | U61: =(I61-T61)*24 -> 2.05 | V61: =IF(U61<=1,0,U61-U61) -> 0
A62: Итого часов в хоз.движении | U62: =SUM(U58:U61)*2 -> 196 | V62: =SUM(V58:V61)*2 -> 160.33333
A63: Итого часов в обычном движении | E63: =Пробеги!E40+Пробеги!E41 -> 30928 | F63: =E63 -> 30928 | G63: 0 | H63: =F63 -> 30928
A64: 1 | B64: 2ЭС7 | C64: 012 | D64: 2 | I64: 06-03-26 00:55 | J64: =RIGHT(I64,5) -> 00:55 | K64: №502 | L64: ТО-2 | M64: 06-03-26 03:05 | N64: =RIGHT(M64,5) -> 03:05 | O64: =K64 -> №502 | P64: =(M64-I64)*24 -> 2.1666667 | Q64: =P64*2 -> 4.3333333 | T64: 05-03-26 21:51 | U64: =(I64-T64)*24 -> 3.0666667 | V64: =IF(U64<=1,0,U64-U64) -> 0
A65: 2 | B65: 2ЭС7 | C65: 012 | D65: 2 | I65: 26-03-26 09:04 | J65: =RIGHT(I65,5) -> 09:04 | K65: №648 | L65: ТО-2 | M65: 26-03-26 11:03 | N65: =RIGHT(M65,5) -> 11:03 | O65: =K65 -> №648 | P65: =(M65-I65)*24 -> 1.9833333 | Q65: =P65*2 -> 3.9666667 | T65: 26-03-26 03:04 | U65: =(I65-T65)*24 -> 6 | V65: =IF(U65<=1,0,U65-U65) -> 0
A66: 3 | B66: 2ЭС7 | C66: 012 | D66: 2 | I66: 26-03-26 14:23 | J66: =RIGHT(I66,5) -> 14:23 | K66: №269 | L66: НР | M66: 26-03-26 15:51 | N66: =RIGHT(M66,5) -> 15:51 | O66: =K66 -> №269 | P66: =(M66-I66)*24 -> 1.4666667 | Q66: =P66*2 -> 2.9333333 | T66: 26-03-26 12:24 | U66: =(I66-T66)*24 -> 1.9833333 | V66: =U66 -> 1.9833333
A67: Итого часов в хоз.движении | U67: =SUM(U64:U66)*2 -> 22.1 | V67: =SUM(V64:V66)*2 -> 3.9666667
A68: Итого часов в обычном движении | E68: =Пробеги!E42+Пробеги!E43 -> 42288 | F68: =E68 -> 42288 | G68: 0 | H68: =F68 -> 42288
A69: 1 | B69: 2ЭС7 | C69: 013 | D69: 2 | I69: 07-03-26 16:57 | J69: =RIGHT(I69,5) -> 16:57 | K69: №516 | L69: ТО-2 | M69: 07-03-26 19:02 | N69: =RIGHT(M69,5) -> 19:02 | O69: =K69 -> №516 | P69: =(M69-I69)*24 -> 2.0833333 | Q69: =P69*2 -> 4.1666667 | T69: 07-03-26 09:11 | U69: =(I69-T69)*24 -> 7.7666667 | V69: =IF(U69<=1,0,U69-U69) -> 0
A70: 2 | B70: 2ЭС7 | C70: 013 | D70: 2 | I70: 10-03-26 19:27 | J70: =RIGHT(I70,5) -> 19:27 | K70: №213 | L70: НР | M70: 10-03-26 22:30 | N70: =RIGHT(M70,5) -> 22:30 | O70: =K70 -> №213 | P70: =(M70-I70)*24 -> 3.05 | Q70: =P70*2 -> 6.1 | T70: 07-03-26 21:01 | U70: =(I70-T70)*24 -> 70.433333 | V70: =U70 -> 70.433333
A71: 3 | B71: 2ЭС7 | C71: 013 | D71: 2 | I71: 29-03-26 20:46 | J71: =RIGHT(I71,5) -> 20:46 | K71: №674 | L71: ТО-2 | M71: 29-03-26 22:54 | N71: =RIGHT(M71,5) -> 22:54 | O71: =K71 -> №674 | P71: =(M71-I71)*24 -> 2.1333333 | Q71: =P71*2 -> 4.2666667 | T71: 29-03-26 16:25 | U71: =(I71-T71)*24 -> 4.35 | V71: =IF(U71<=1,0,U71-U71) -> 0
A72: Итого часов в хоз.движении | U72: =SUM(U69:U71)*2 -> 165.1 | V72: =SUM(V69:V71)*2 -> 140.86667
A73: Итого часов в обычном движении | E73: =Пробеги!E44+Пробеги!E45 -> 36358 | F73: =E73 -> 36358 | G73: 0 | H73: =F73 -> 36358 | U73: =U17+U21+U25+U29+U34+U38+U42+U47+U52+U56+U62+U67+U72 -> 728.93333 | V73: =V17+V21+V25+V29+V34+V38+V42+V47+V52+V56+V62+V67+V72 -> 338.5
A74: Итого часов (доли) | Q74: =SUM(Q14:Q73) -> 1003.7
A75: Пробеги всех секций локомотива заполняются только в итоговой строке по этому локомотиву
T76: Неплановый ремонт по вине ОАО "РЖД". Выдержка из истории локомотива АСУТЦТ
A77: Фактический пробег локомотива рассчитывается по данным информационной системы в соответствии с условиями договора | T77: Серия | U77: Номер | V77: Дата | W77: Состояние | X77: Операция | Y77: Дислокация | Z77: время
A78: Количество км.пробега подлежащего оплате составил: | G78: =SUM(H73,H68,H63,H57,H53,H47,H42,H38,H34,H30,H26,H22,H18) -> 492026 | T78: 2ЭС7 | U78: 10 | V78: 01-03-26 14:48 | W78: НР | X78: 01-03-26 15:09 | Y78: РЦ-15 Бабаево | Z78: =(X78-V78)*24*2 -> 0.7
A79: Количество часов пробега в хоз.движении, подлежащего оплате, составил: | G79: 0 | T79: 2ЭС7 | U79: 5 | V79: 24-03-26 00:44 | W79: НР | X79: 24-03-26 01:43 | Y79: РЦ-15 Бабаево | Z79: =(X79-V79)*24*2 -> 1.9666667
A80: Количество часов пробега в обычном движении, подлежащего оплате, составил: | G80: 0 | T80: 2ЭС7 | U80: 4 | V80: 25-03-26 09:58 | W80: НР | X80: 25-03-26 13:29 | Y80: РЦ-15 Бабаево | Z80: =(X80-V80)*24*2 -> 7.0333333
T81: 2ЭС7 | U81: 1 | V81: 30-03-26 06:34 | W81: НР | X81: 30-03-26 10:33 | Y81: РЦ-15 Бабаево | Z81: =(X81-V81)*24*2 -> 7.9666667
A82: Количество часов нахождения в эксплуатации: | G82: =(DAY(EOMONTH(V116,0))*24)*13*2-V73-Q74 -> 18001.8
A83: Количество часов нахождения на Обслуживании: | G83: =Q74-Q70-Q27-Q15-Q60-Q55-Q45-Q36-Q66 -> 430.9
A84: Количество часов нахождения на непредвиденном Обслуживании: | G84: =Q45+Q36 -> 459.16667
A85: Количество часов нахождения на Обслуживании по вине Исполнителя: | G85: =Q70+Q27+Q15+Q60+Q55+Q66 -> 113.63333
A86: Количество часов нахождения на Обслуживании по рекламационным ремонтам: | G86: 0
A87: Количество часов административных издержек: | G87: =V73 -> 338.5
A88: Коэффициент готовности к эксплуатации по данной серии составил: | G88: =G82/(G82+G83+G85+G86+G87) -> 0.95324114
T90: ОЖ.ОТПР.НР / ОЖ.НР/СЛ В РЕМ.
T91: Серия | U91: Номер | V91: Дата | W91: Состояние | X91: Операция | Y91: Дислокация | Z91: время
T92: 2ЭС7 | U92: 10 | V92: 28-02-26 23:38 | W92: ОЖ.НР. | X92: 01-03-26 14:47 | Y92: РЦ-15 Бабаево | Z92: =(X92-V92)*24*2 -> 30.3
T93: 2ЭС7 | U93: 5 | V93: 23-03-26 17:13 | W93: ОЖ.НР. | X93: 24-03-26 00:43 | Y93: РЦ-15 Бабаево | Z93: =(X93-V93)*24*2 -> 15
T94: 2ЭС7 | U94: 4 | V94: 25-03-26 08:29 | W94: ОЖ.НР. | X94: 25-03-26 09:57 | Y94: РЦ-15 Бабаево | Z94: =(X94-V94)*24*2 -> 2.9333333
T95: 2ЭС7 | U95: 1 | V95: 30-03-26 02:08 | W95: ОЖ.НР. | X95: 30-03-26 06:33 | Y95: РЦ-15 Бабаево | Z95: =(X95-V95)*24*2 -> 8.8333333
T105: Неплановый ремонт по вине "УЛ". Выдержка из истории локомотива АСУТЦТ
T106: Серия | U106: Номер | V106: Дата | W106: Состояние | X106: Операция | Y106: Дислокация | Z106: время
T112: Время из работоспособного состояния
V116: =DATE(2026,3,1) -> 46082 | X116: =DATE(2026,1,1) -> 46023 | Y116: января
X117: =DATE(2026,2,1) -> 46054 | Y117: февраля
X118: =DATE(2026,3,1) -> 46082 | Y118: марта
X119: =DATE(2026,4,1) -> 46113 | Y119: апреля
X120: =DATE(2026,5,1) -> 46143 | Y120: мая
X121: =DATE(2026,6,1) -> 46174 | Y121: июня
X122: =DATE(2026,7,1) -> 46204 | Y122: июля
X123: =DATE(2026,8,1) -> 46235 | Y123: августа
X124: =DATE(2026,9,1) -> 46266 | Y124: сентября
X125: =DATE(2026,10,1) -> 46296 | Y125: октября
X126: =DATE(2026,11,1) -> 46327 | Y126: ноября
X127: =DATE(2026,12,1) -> 46357 | Y127: декабря

Sheet Пробеги
A1: Отчёт по пробегам секций локомотивов, времени пребывания локомотивов в эксплуатируемом и неэксплуатируемом парках
A2: Дата и время выдачи справки: 2026-04-01 05.19
A3: Начало интервала: 2026-02-28 18.00.00
A4: Окончание интервала: 2026-03-31 18.00.00
A5: Дирекция тяги приписки: Октябрьская
A6: Депо приписки: ТЧЭ-22 БАБАЕВО
A7: Вид тяги: электровозы
A8: Род службы ТПС: все
A9: Группа серий ТПС: все
A10: Серия локомотивов: 2ЭС7
A11: Номер секции: все
A12: Признак секции: все
A14: Отчёт по пробегам локомотивов
A15: Дирекция | B15: Депо | C15: Серия | D15: Номер | E15: Фактический | G15: Фактическое время в | K15: Фактическое время в
A16: тяги | B16: приписки | C16: локомотива | D16: секции | E16: пробег | G16: эксплуатируемом парке, ч | K16: неэксплуатируемом парке, ч
A17: приписки | B17: локомотива | E17: км | F17: ч | G17: Итого | H17: В том числе в | I17: В том числе в | J17: В том числе в ожидании ТО-2, на ТО-2 и экипировке | K17: Итого | L17: В том числе на | M17: В том числе на
H18: рабочем парке | I18: ожидании работы | L18: плановых ТО, ТР | M18: неплановых ремонтах
A19: 1 | B19: 2 | C19: 3 | D19: 4 | E19: 5 | F19: 6 | G19: 7 | H19: 8 | I19: 9 | J19: 10 | K19: 11 | L19: 12 | M19: 13
A20: Октябрьская | B20: ТЧЭ-22 БАБАЕВО | C20: 2ЭС7 | D20: 0001 A | E20: 19398 | F20: 700 | G20: 700 | H20: 519 | I20: 62 | J20: 20 | K20: 44 | L20: 0 | M20: 27
A21: Октябрьская | B21: ТЧЭ-22 БАБАЕВО | C21: 2ЭС7 | D21: 0001 Б | E21: 19398 | F21: 700 | G21: 700 | H21: 519 | I21: 62 | J21: 20 | K21: 44 | L21: 0 | M21: 27
A22: Октябрьская | B22: ТЧЭ-22 БАБАЕВО | C22: 2ЭС7 | D22: 0002 A | E22: 21661 | F22: 744 | G22: 744 | H22: 586 | I22: 54 | J22: 19 | K22: 0 | L22: 0 | M22: 0
A23: Октябрьская | B23: ТЧЭ-22 БАБАЕВО | C23: 2ЭС7 | D23: 0002 Б | E23: 21661 | F23: 744 | G23: 744 | H23: 586 | I23: 54 | J23: 19 | K23: 0 | L23: 0 | M23: 0
A24: Октябрьская | B24: ТЧЭ-22 БАБАЕВО | C24: 2ЭС7 | D24: 0003 A | E24: 18798 | F24: 652 | G24: 652 | H24: 518 | I24: 59 | J24: 9 | K24: 92 | L24: 76 | M24: 0
A25: Октябрьская | B25: ТЧЭ-22 БАБАЕВО | C25: 2ЭС7 | D25: 0003 Б | E25: 18798 | F25: 652 | G25: 652 | H25: 518 | I25: 59 | J25: 9 | K25: 92 | L25: 76 | M25: 0
A26: Октябрьская | B26: ТЧЭ-22 БАБАЕВО | C26: 2ЭС7 | D26: 0004 A | E26: 20347 | F26: 691 | G26: 691 | H26: 537 | I26: 49 | J26: 21 | K26: 53 | L26: 0 | M26: 53
A27: Октябрьская | B27: ТЧЭ-22 БАБАЕВО | C27: 2ЭС7 | D27: 0004 Б | E27: 20347 | F27: 691 | G27: 691 | H27: 537 | I27: 49 | J27: 21 | K27: 53 | L27: 0 | M27: 53
A28: Октябрьская | B28: ТЧЭ-22 БАБАЕВО | C28: 2ЭС7 | D28: 0005 A | E28: 19522 | F28: 662 | G28: 662 | H28: 512 | I28: 56 | J28: 16 | K28: 82 | L28: 0 | M28: 9
A29: Октябрьская | B29: ТЧЭ-22 БАБАЕВО | C29: 2ЭС7 | D29: 0005 Б | E29: 19522 | F29: 662 | G29: 662 | H29: 512 | I29: 56 | J29: 16 | K29: 82 | L29: 0 | M29: 9
A30: Октябрьская | B30: ТЧЭ-22 БАБАЕВО | C30: 2ЭС7 | D30: 0006 A | E30: 15796 | F30: 624 | G30: 624 | H30: 459 | I30: 78 | J30: 17 | K30: 120 | L30: 0 | M30: 120
A31: Октябрьская | B31: ТЧЭ-22 БАБАЕВО | C31: 2ЭС7 | D31: 0006 Б | E31: 15796 | F31: 624 | G31: 624 | H31: 459 | I31: 78 | J31: 17 | K31: 120 | L31: 0 | M31: 120
... A45: Октябрьская | B45: ТЧЭ-22 БАБАЕВО | C45: 2ЭС7 | D45: 0013 Б | E45: 18179 | F45: 650 | G45: 650 | H45: 485 | I45: 60 | J45: 25 | K45: 95 | L45: 21 | M45: 74
A46: Итого: | E46: 492026 | F46: 17502 | G46: 17502 | H46: 13304 | I46: 1618 | J46: 464 | K46: 1844 | L46: 516 | M46: 1044
E47: =E46/31/26 -> 610.45409
